<ImportExportXml 
  xmlns:xsi="http://www.w3.org/2001/XMLSchema-instance">
  <Entities></Entities>
  <Roles></Roles>
  <Workflows></Workflows>
  <FieldSecurityProfiles></FieldSecurityProfiles>
  <Templates />
  <EntityMaps />
  <EntityRelationships />
  <OrganizationSettings />
  <optionsets />
  <Dialogs>
    <Dialog>
      <LocalizedNames>
        <LocalizedName description="Find User" languagecode="1033" />
      </LocalizedNames>
      <Descriptions>
        <Description description="" languagecode="1033" />
      </Descriptions>
      <FormId>{b03467f9-007e-44bb-a140-8851eb820cf8}</FormId>
      <UniqueName>abc_find_user</UniqueName>
      <IsCustomizable>1</IsCustomizable>
      <IntroducedVersion>1.0.0.0</IntroducedVersion>
      <IsTabletEnabled>1</IsTabletEnabled>
      <CanBeDeleted>1</CanBeDeleted>
      <FormXml>
        <forms type="dialog">
          <form>
            <formparameters>
              <querystringparameter name="abc_para_username" type="SafeString" />
              <querystringparameter name="abc_para_userid" type="SafeString" />
            </formparameters>
            <header id="{001fca48-07ef-43bc-9514-89101289d589}">
              <rows>
                <row>
                  <cell id="{b3cfdb95-2d76-4932-a58a-ddbd8f7e9e0a}" visible="true" rowspan="1">
                    <labels>
                      <label description="FIND USER ID" languagecode="1033" />
                    </labels>
                    <control uniqueid="{c89de3fd-f244-4965-b7f5-f1ee190f9a61}" id="abc_header_title" classid="{39354E4A-5015-4D74-8031-EA9EB73A1322}" isunbound="true">
                      <parameters>
                        <IsTitle>true</IsTitle>
                      </parameters>
                    </control>
                  </cell>
                </row>
                <row>
                  <cell id="{83209513-6562-47fc-b94c-2fa84c43e947}" visible="true" rowspan="1">
                    <labels>
                      <label description="Provide your User Name and we find your User Id (GUID)" languagecode="1033" />
                    </labels>
                    <control uniqueid="{2cc32ffd-6d90-4067-a592-66070d01dad2}" id="abc_header_subtitle" classid="{39354E4A-5015-4D74-8031-EA9EB73A1322}" isunbound="true">
                      <parameters>
                        <IsTitle>false</IsTitle>
                      </parameters>
                    </control>
                  </cell>
                </row>
              </rows>
            </header>
            <tabs>
              <tab id="{a837ccf4-44c3-4169-9bf9-e257036816d1}" name="tab_80dd8e0a_ebe8_4f01_a27b_521f5206ec5b" visible="true" expanded="true" verticallayout="true" locklevel="0">
                <labels>
                  <label description="" languagecode="1033" />
                </labels>
                <columns>
                  <column width="100%">
                    <sections>
                      <section id="{5fd2c232-3ec4-41b8-a523-55dc4ba915a2}" name="section_38ea42bc_709a_4340_80b2_38945c728fb9" labelwidth="115" showlabel="false" visible="true" celllabelalignment="Left" celllabelposition="Left">
                        <labels>
                          <label description="" languagecode="1033" />
                        </labels>
                        <rows>
                          <row>
                            <cell id="{2a5b7355-5a2b-4e51-bace-53f5732cb3c5}" visible="true">
                              <labels>
                                <label description="User Name" languagecode="1033" />
                              </labels>
                              <control uniqueid="{564a23e6-9365-46f1-9717-67b4664558da}" id="abc_text_username" classid="{4273EDBD-AC1D-40D3-9FB2-095C621B552D}" isrequired="true" disabled="false" isunbound="true">
                                <parameters>
                                  <MaxLength>500</MaxLength>
                                  <Format>SingleLineOfText</Format>
                                </parameters>
                              </control>
                            </cell>
                          </row>
                          <row>
                            <cell id="{84575143-e1ae-4928-931b-70d8ec7d9758}" visible="true">
                              <labels>
                                <label description="User Id" languagecode="1033" />
                              </labels>
                              <control uniqueid="{e1d891b6-718e-4b34-ab23-4b971d63db13}" id="abc_text_userid" classid="{4273EDBD-AC1D-40D3-9FB2-095C621B552D}" isrequired="false" disabled="true" isunbound="true">
                                <parameters>
                                  <MaxLength>36</MaxLength>
                                  <Format>SingleLineOfText</Format>
                                </parameters>
                              </control>
                            </cell>
                          </row>
                        </rows>
                      </section>
                    </sections>
                  </column>
                </columns>
              </tab>
            </tabs>
            <footer id="{54633f6f-d7be-44fa-bcb3-cef919fe254c}">
              <rows>
                <row>
                  <cell id="{7b9f47b2-7fa8-4d49-9a16-d836ac026221}" visible="true">
                    <labels>
                      <label description="Find" languagecode="1033" />
                    </labels>
                    <control uniqueid="{05b08a79-cb5a-4654-ac3f-39a7ed349b2b}" id="abc_button_find" classid="{00AD73DA-BD4D-49C6-88A8-2F4F4CAD4A20}" disabled="false" isunbound="true" />
                  </cell>
                  <cell id="{afc894d2-db84-4c64-8b01-d51722f3ebd0}" visible="true">
                    <labels>
                      <label description="Close" languagecode="1033" />
                    </labels>
                    <control uniqueid="{e98d719d-4981-4c8a-af99-2e39b7ca979c}" id="abc_button_close" classid="{00AD73DA-BD4D-49C6-88A8-2F4F4CAD4A20}" disabled="false" isunbound="true" />
                  </cell>
                </row>
              </rows>
            </footer>
            <events>
              <event name="onclick" application="false" active="false" attribute="abc_button_find">
                <Handlers>
                  <Handler functionName="dialog.OnFindClick" libraryName="$webresource:abc_/entities/Account.Dialog.js" handlerUniqueId="{70a2d309-9689-4949-ab8f-44ab6e1ae956}" enabled="true" parameters="" passExecutionContext="true" />
                </Handlers>
              </event>
              <event name="onclick" application="false" active="false" attribute="abc_button_close">
                <Handlers>
                  <Handler functionName="dialog.OnCloseClick" libraryName="$webresource:abc_/entities/Account.Dialog.js" handlerUniqueId="{b6dcbe71-a646-4f70-a588-18d00c988bb2}" enabled="true" parameters="" passExecutionContext="true" />
                </Handlers>
              </event>
              <event name="onload" application="false" active="false" >
                <Handlers>
                  <Handler functionName="dialog.OnLoad" libraryName="$webresource:abc_/entities/Account.Dialog.js" handlerUniqueId="{3c71fc4c-c729-45ae-b7f4-5a569f99033c}" enabled="true" parameters="" passExecutionContext="true" />
                </Handlers>
              </event>
            </events>
          </form>
        </forms>
      </FormXml>
    </Dialog>
  </Dialogs>
  <CustomControls />
  <EntityDataProviders />
  <Languages>
    <Language>1033</Language>
  </Languages>
</ImportExportXml>