<ImportExportXml version="9.0.0.0" SolutionPackageVersion="9.0" languagecode="1033" generatedBy="CrmLive" 
  xmlns:xsi="http://www.w3.org/2001/XMLSchema-instance">
  <SolutionManifest>
    <UniqueName>abc_find_user</UniqueName>
    <LocalizedNames>
      <LocalizedName description="abc_find_user Form Dialog" languagecode="1033" />
    </LocalizedNames>
    <Descriptions />
    <Version>1.0.0.0</Version>
    <Managed>0</Managed>
    <Publisher>
      <UniqueName>phuocle</UniqueName>
      <LocalizedNames>
        <LocalizedName description="PhuocLe" languagecode="1033" />
      </LocalizedNames>
      <Descriptions>
        <Description description="• Microsoft Dynamics 365 MCSE (https://www.youracclaim.com/badges/a61f667f-0f9d-44be-b13d-00e952fa1480)&#xA;• More than 12 years maintain and develop Dynamics 365 (focusing on CRM related modules), from version 4 up to now.&#xA;• A lot of experienced working with Dynamics 365 like: develop, code and debug from server side (Plugins, Custom Workflows, Custom Actions) to client side (JavaScript, TypeScript), and experienced integrate with others system using SOAP and/or Web API.&#xA;• Experienced working with Dynamics 365 Portals, Field Service, Project Service Automation, Unified Service Desk.&#xA;• For ERP related, experienced with integration between Dynamics CRM with Dynamics AX 2012, Dynamics 365 Operations, focusing on data integration of accounts related, invoice related, sales order related.&#xA;• Familiar and experienced with various business domains such as food and beverage, information technology, plastic and eCommerce&#xA;• Released a commercial CRM add-on to AppSource: D365 Icons and Tooltips - Allow you customize Icons and Tooltips without help from your developer. (https://appsource.microsoft.com/en-us/product/dynamics-365/phuocle.d365-icons-and-tooltips)&#xA;• Released a commercial CRM add-on: CRM GRID PLUS - this add-on can change your Dynamics CRM grid to new look and feel. (http://crmgridplus.com)&#xA;• Released DynamicsCrm.DevKit - a Visual Studio extensions - that help CRM developer can easy develop. (https://github.com/phuocle/Dynamics-Crm-DevKit)&#xA;• Released View-FetchXML - a small tool that help CRM developer easy copy/paste FetchXml code. (https://github.com/phuocle/View-FetchXML)&#xA;• Released CRMCKEditor - a small webresources that help integrated CKEditor with Dynamics CRM. (https://github.com/phuocle/CRMCKEditor)&#xA;• Released crmdialog - A WYSIWYG tool help you create crm form dialog quickly. (https://github.com/phuocle/crmdialog)" languagecode="1033" />
      </Descriptions>
      <EMailAddress>vanphuoc@outlook.com</EMailAddress>
      <SupportingWebsiteUrl>https://www.phuocle.net</SupportingWebsiteUrl>
      <CustomizationPrefix>pl</CustomizationPrefix>
      <CustomizationOptionValuePrefix>50000</CustomizationOptionValuePrefix>
      <Addresses>
        <Address>
          <AddressNumber>1</AddressNumber>
          <AddressTypeCode>1</AddressTypeCode>
          <City xsi:nil="true"></City>
          <County xsi:nil="true"></County>
          <Country xsi:nil="true"></Country>
          <Fax xsi:nil="true"></Fax>
          <FreightTermsCode xsi:nil="true"></FreightTermsCode>
          <ImportSequenceNumber xsi:nil="true"></ImportSequenceNumber>
          <Latitude xsi:nil="true"></Latitude>
          <Line1 xsi:nil="true"></Line1>
          <Line2 xsi:nil="true"></Line2>
          <Line3 xsi:nil="true"></Line3>
          <Longitude xsi:nil="true"></Longitude>
          <Name xsi:nil="true"></Name>
          <PostalCode xsi:nil="true"></PostalCode>
          <PostOfficeBox xsi:nil="true"></PostOfficeBox>
          <PrimaryContactName xsi:nil="true"></PrimaryContactName>
          <ShippingMethodCode>1</ShippingMethodCode>
          <StateOrProvince xsi:nil="true"></StateOrProvince>
          <Telephone1 xsi:nil="true"></Telephone1>
          <Telephone2 xsi:nil="true"></Telephone2>
          <Telephone3 xsi:nil="true"></Telephone3>
          <TimeZoneRuleVersionNumber xsi:nil="true"></TimeZoneRuleVersionNumber>
          <UPSZone xsi:nil="true"></UPSZone>
          <UTCOffset xsi:nil="true"></UTCOffset>
          <UTCConversionTimeZoneCode xsi:nil="true"></UTCConversionTimeZoneCode>
        </Address>
        <Address>
          <AddressNumber>2</AddressNumber>
          <AddressTypeCode>1</AddressTypeCode>
          <City xsi:nil="true"></City>
          <County xsi:nil="true"></County>
          <Country xsi:nil="true"></Country>
          <Fax xsi:nil="true"></Fax>
          <FreightTermsCode xsi:nil="true"></FreightTermsCode>
          <ImportSequenceNumber xsi:nil="true"></ImportSequenceNumber>
          <Latitude xsi:nil="true"></Latitude>
          <Line1 xsi:nil="true"></Line1>
          <Line2 xsi:nil="true"></Line2>
          <Line3 xsi:nil="true"></Line3>
          <Longitude xsi:nil="true"></Longitude>
          <Name xsi:nil="true"></Name>
          <PostalCode xsi:nil="true"></PostalCode>
          <PostOfficeBox xsi:nil="true"></PostOfficeBox>
          <PrimaryContactName xsi:nil="true"></PrimaryContactName>
          <ShippingMethodCode>1</ShippingMethodCode>
          <StateOrProvince xsi:nil="true"></StateOrProvince>
          <Telephone1 xsi:nil="true"></Telephone1>
          <Telephone2 xsi:nil="true"></Telephone2>
          <Telephone3 xsi:nil="true"></Telephone3>
          <TimeZoneRuleVersionNumber xsi:nil="true"></TimeZoneRuleVersionNumber>
          <UPSZone xsi:nil="true"></UPSZone>
          <UTCOffset xsi:nil="true"></UTCOffset>
          <UTCConversionTimeZoneCode xsi:nil="true"></UTCConversionTimeZoneCode>
        </Address>
      </Addresses>
    </Publisher>
    <RootComponents>
      <RootComponent type="60" id="{b03467f9-007e-44bb-a140-8851eb820cf8}" behavior="0" />
    </RootComponents>
    <MissingDependencies />
  </SolutionManifest>
</ImportExportXml>