<ImportExportXml xmlns:xsi="http://www.w3.org/2001/XMLSchema-instance">
  <Entities>
    <Entity>
      <Name LocalizedName="Sql DataSource" OriginalName="Sql DataSource">d365vn_sqldatasource</Name>
      <EntityInfo>
        <entity Name="d365vn_sqldatasource">
          <LocalizedNames>
            <LocalizedName description="Sql DataSource" languagecode="1033" />
          </LocalizedNames>
          <LocalizedCollectionNames>
            <LocalizedCollectionName description="Sql DataSources" languagecode="1033" />
          </LocalizedCollectionNames>
          <Descriptions>
            <Description description="" languagecode="1033" />
          </Descriptions>
          <attributes>
            <attribute PhysicalName="d365vn_name">
              <Type>nvarchar</Type>
              <Name>d365vn_name</Name>
              <LogicalName>d365vn_name</LogicalName>
              <RequiredLevel>none</RequiredLevel>
              <DisplayMask>PrimaryName|ValidForAdvancedFind|ValidForForm|ValidForGrid|RequiredForForm</DisplayMask>
              <ImeMode>auto</ImeMode>
              <ValidForUpdateApi>1</ValidForUpdateApi>
              <ValidForReadApi>1</ValidForReadApi>
              <ValidForCreateApi>1</ValidForCreateApi>
              <IsCustomField>1</IsCustomField>
              <IsAuditEnabled>1</IsAuditEnabled>
              <IsSecured>0</IsSecured>
              <IntroducedVersion>1.0.0.0</IntroducedVersion>
              <IsCustomizable>1</IsCustomizable>
              <IsRenameable>1</IsRenameable>
              <CanModifySearchSettings>1</CanModifySearchSettings>
              <CanModifyRequirementLevelSettings>1</CanModifyRequirementLevelSettings>
              <CanModifyAdditionalSettings>1</CanModifyAdditionalSettings>
              <SourceType>0</SourceType>
              <IsGlobalFilterEnabled>0</IsGlobalFilterEnabled>
              <IsSortableEnabled>0</IsSortableEnabled>
              <CanModifyGlobalFilterSettings>1</CanModifyGlobalFilterSettings>
              <CanModifyIsSortableSettings>1</CanModifyIsSortableSettings>
              <ExternalName>d365vn_sqldatasourcename</ExternalName>
              <IsDataSourceSecret>0</IsDataSourceSecret>
              <AutoNumberFormat></AutoNumberFormat>
              <IsSearchable>1</IsSearchable>
              <IsFilterable>0</IsFilterable>
              <IsRetrievable>1</IsRetrievable>
              <IsLocalizable>0</IsLocalizable>
              <Format>text</Format>
              <MaxLength>100</MaxLength>
              <Length>200</Length>
              <displaynames>
                <displayname description="Sql DataSource" languagecode="1033" />
              </displaynames>
            </attribute>
            <attribute PhysicalName="d365vn_sqldatasourceId">
              <Type>primarykey</Type>
              <Name>d365vn_sqldatasourceid</Name>
              <LogicalName>d365vn_sqldatasourceid</LogicalName>
              <RequiredLevel>systemrequired</RequiredLevel>
              <DisplayMask>ValidForAdvancedFind|RequiredForGrid</DisplayMask>
              <ImeMode>auto</ImeMode>
              <ValidForUpdateApi>0</ValidForUpdateApi>
              <ValidForReadApi>1</ValidForReadApi>
              <ValidForCreateApi>1</ValidForCreateApi>
              <IsCustomField>0</IsCustomField>
              <IsAuditEnabled>0</IsAuditEnabled>
              <IsSecured>0</IsSecured>
              <IntroducedVersion>1.0.0.0</IntroducedVersion>
              <IsCustomizable>1</IsCustomizable>
              <IsRenameable>1</IsRenameable>
              <CanModifySearchSettings>1</CanModifySearchSettings>
              <CanModifyRequirementLevelSettings>0</CanModifyRequirementLevelSettings>
              <CanModifyAdditionalSettings>1</CanModifyAdditionalSettings>
              <SourceType>0</SourceType>
              <IsGlobalFilterEnabled>0</IsGlobalFilterEnabled>
              <IsSortableEnabled>0</IsSortableEnabled>
              <CanModifyGlobalFilterSettings>1</CanModifyGlobalFilterSettings>
              <CanModifyIsSortableSettings>1</CanModifyIsSortableSettings>
              <ExternalName>d365vn_sqldatasourceid</ExternalName>
              <IsDataSourceSecret>0</IsDataSourceSecret>
              <AutoNumberFormat></AutoNumberFormat>
              <IsSearchable>0</IsSearchable>
              <IsFilterable>1</IsFilterable>
              <IsRetrievable>1</IsRetrievable>
              <IsLocalizable>0</IsLocalizable>
              <displaynames>
                <displayname description="Sql DataSource" languagecode="1033" />
              </displaynames>
              <Descriptions>
                <Description description="Unique identifier for entity instances" languagecode="1033" />
                <Description description="Eindeutiger Bezeichner für Entitätsinstanzen" languagecode="1031" />
                <Description description="Mã định danh duy nhất của phiên bản thực thể" languagecode="1066" />
              </Descriptions>
            </attribute>
          </attributes>
          <EntitySetName>d365vn_sqldatasources</EntitySetName>
          <IsDuplicateCheckSupported>0</IsDuplicateCheckSupported>
          <IsBusinessProcessEnabled>0</IsBusinessProcessEnabled>
          <IsRequiredOffline>0</IsRequiredOffline>
          <IsInteractionCentricEnabled>0</IsInteractionCentricEnabled>
          <IsCollaboration>0</IsCollaboration>
          <AutoRouteToOwnerQueue>0</AutoRouteToOwnerQueue>
          <IsConnectionsEnabled>0</IsConnectionsEnabled>
          <IsDocumentManagementEnabled>0</IsDocumentManagementEnabled>
          <AutoCreateAccessTeams>0</AutoCreateAccessTeams>
          <IsOneNoteIntegrationEnabled>0</IsOneNoteIntegrationEnabled>
          <IsKnowledgeManagementEnabled>0</IsKnowledgeManagementEnabled>
          <IsSLAEnabled>0</IsSLAEnabled>
          <IsDocumentRecommendationsEnabled>0</IsDocumentRecommendationsEnabled>
          <DataProviderId>{b2112a7e-b26c-42f7-9b63-9a809a9d716f}</DataProviderId>
          <IsBPFEntity>0</IsBPFEntity>
          <OwnershipTypeMask>OrgOwned</OwnershipTypeMask>
          <IsAuditEnabled>0</IsAuditEnabled>
          <IsRetrieveAuditEnabled>0</IsRetrieveAuditEnabled>
          <IsRetrieveMultipleAuditEnabled>0</IsRetrieveMultipleAuditEnabled>
          <IsActivity>0</IsActivity>
          <ActivityTypeMask></ActivityTypeMask>
          <IsActivityParty>0</IsActivityParty>
          <IsReplicated>0</IsReplicated>
          <IsReplicationUserFiltered>0</IsReplicationUserFiltered>
          <IsMailMergeEnabled>0</IsMailMergeEnabled>
          <IsVisibleInMobile>0</IsVisibleInMobile>
          <IsVisibleInMobileClient>0</IsVisibleInMobileClient>
          <IsReadOnlyInMobileClient>0</IsReadOnlyInMobileClient>
          <IsOfflineInMobileClient>0</IsOfflineInMobileClient>
          <DaysSinceRecordLastModified>0</DaysSinceRecordLastModified>
          <MobileOfflineFilters></MobileOfflineFilters>
          <IsMapiGridEnabled>0</IsMapiGridEnabled>
          <IsReadingPaneEnabled>0</IsReadingPaneEnabled>
          <IsQuickCreateEnabled>0</IsQuickCreateEnabled>
          <SyncToExternalSearchIndex>0</SyncToExternalSearchIndex>
          <IntroducedVersion>1.0.0.0</IntroducedVersion>
          <IsCustomizable>1</IsCustomizable>
          <IsRenameable>1</IsRenameable>
          <IsMappable>1</IsMappable>
          <CanModifyAuditSettings>1</CanModifyAuditSettings>
          <CanModifyMobileVisibility>1</CanModifyMobileVisibility>
          <CanModifyMobileClientVisibility>1</CanModifyMobileClientVisibility>
          <CanModifyMobileClientReadOnly>1</CanModifyMobileClientReadOnly>
          <CanModifyMobileClientOffline>1</CanModifyMobileClientOffline>
          <CanModifyConnectionSettings>1</CanModifyConnectionSettings>
          <CanModifyDuplicateDetectionSettings>1</CanModifyDuplicateDetectionSettings>
          <CanModifyMailMergeSettings>1</CanModifyMailMergeSettings>
          <CanModifyQueueSettings>1</CanModifyQueueSettings>
          <CanCreateAttributes>1</CanCreateAttributes>
          <CanCreateForms>1</CanCreateForms>
          <CanCreateCharts>0</CanCreateCharts>
          <CanCreateViews>1</CanCreateViews>
          <CanModifyAdditionalSettings>0</CanModifyAdditionalSettings>
          <CanEnableSyncToExternalSearchIndex>0</CanEnableSyncToExternalSearchIndex>
          <EnforceStateTransitions>0</EnforceStateTransitions>
          <CanChangeHierarchicalRelationship>0</CanChangeHierarchicalRelationship>
          <EntityHelpUrlEnabled>0</EntityHelpUrlEnabled>
          <ChangeTrackingEnabled>0</ChangeTrackingEnabled>
          <CanChangeTrackingBeEnabled>0</CanChangeTrackingBeEnabled>
          <IsEnabledForExternalChannels>0</IsEnabledForExternalChannels>
          <ExternalName>SqlDataSource</ExternalName>
          <ExternalCollectionName>SqlDataSources</ExternalCollectionName>
          <IsSolutionAware>0</IsSolutionAware>
        </entity>
      </EntityInfo>
      <FormXml>
        <forms type="card">
          <systemform>
            <formid>{7f263daf-67ae-4fd9-b0f5-e2d084855062}</formid>
            <IntroducedVersion>1.0.0.0</IntroducedVersion>
            <FormPresentation>1</FormPresentation>
            <FormActivationState>1</FormActivationState>
            <form>
              <tabs>
                <tab name="general" verticallayout="true" id="{a703e6f5-299e-473f-8b6d-4904c6530f8f}" IsUserDefined="0">
                  <labels>
                    <label description="" languagecode="1033" />
                  </labels>
                  <columns>
                    <column width="25%">
                      <sections>
                        <section name="ColorStrip" showlabel="false" showbar="false" columns="1" IsUserDefined="0" id="{51127052-fa79-43ad-9cbe-916e4329948b}">
                          <labels>
                            <label description="ColorStrip" languagecode="1033" />
                          </labels>
                        </section>
                      </sections>
                    </column>
                    <column width="75%">
                      <sections>
                        <section name="CardHeader" showlabel="false" showbar="false" columns="111" id="{9527aecf-0143-479f-a5fd-59648a48f2a0}" IsUserDefined="0">
                          <labels>
                            <label description="Kopfzeile" languagecode="1031" />
                            <label description="Header" languagecode="1033" />
                            <label description="Đầu trang" languagecode="1066" />
                          </labels>
                          <rows>
                            <row>
                              <cell id="{b3bc43bc-e7e2-4077-ae6d-ebe18e3aebe4}" showlabel="true" locklevel="0">
                                <labels>
                                  <label description="" languagecode="1033" />
                                </labels>
                                <control id="statuscode" classid="{5D68B988-0661-4db2-BC3E-17598AD3BE6C}" datafieldname="statuscode" disabled="false" />
                              </cell>
                              <cell id="{fb7a20d8-f062-41c3-a453-960cedaf6528}" showlabel="true" locklevel="0">
                                <labels>
                                  <label description="" languagecode="1033" />
                                </labels>
                              </cell>
                              <cell id="{930274b3-d96b-4426-9e6a-300cfdecb4d2}" showlabel="true" locklevel="0">
                                <labels>
                                  <label description="" languagecode="1033" />
                                </labels>
                              </cell>
                            </row>
                          </rows>
                        </section>
                        <section name="CardDetails" showlabel="false" showbar="false" columns="1" id="{ecd90f97-a08f-4b88-a120-6caca4612821}" IsUserDefined="0">
                          <labels>
                            <label description="Details" languagecode="1033" />
                            <label description="Các chi tiết" languagecode="1066" />
                          </labels>
                          <rows>
                            <row>
                              <cell id="{774e92d8-fbd1-4368-9878-68667364df32}" showlabel="true" locklevel="0">
                                <labels>
                                  <label description="Sql DataSource" languagecode="1033" />
                                </labels>
                                <control id="d365vn_name" classid="{4273EDBD-AC1D-40d3-9FB2-095C621B552D}" datafieldname="d365vn_name" disabled="false" />
                              </cell>
                            </row>
                          </rows>
                        </section>
                        <section name="CardFooter" showlabel="false" columns="1111" showbar="false" id="{3c4cdf28-ac44-4505-98c5-a31dd26240ff}" IsUserDefined="0">
                          <labels>
                            <label description="Fußzeile" languagecode="1031" />
                            <label description="Footer" languagecode="1033" />
                            <label description="Chân trang" languagecode="1066" />
                          </labels>
                          <rows>
                            <row>
                              <cell id="{b0c42c79-6cae-4056-abea-8634050ecc57}" showlabel="true" locklevel="0">
                                <labels>
                                  <label description="" languagecode="1033" />
                                </labels>
                                <control id="createdon" classid="{270BD3DB-D9AF-4782-9025-509E298DEC0A}" datafieldname="createdon" disabled="false" />
                              </cell>
                              <cell id="{c9a34fd8-88ef-45d9-ba13-691f63b965d0}" showlabel="true" locklevel="0">
                                <labels>
                                  <label description="" languagecode="1033" />
                                </labels>
                              </cell>
                              <cell id="{a192b5cf-40b7-4729-ba1a-aff73529a95b}" showlabel="true" locklevel="0">
                                <labels>
                                  <label description="" languagecode="1033" />
                                </labels>
                              </cell>
                            </row>
                          </rows>
                        </section>
                      </sections>
                    </column>
                  </columns>
                </tab>
              </tabs>
            </form>
            <IsCustomizable>1</IsCustomizable>
            <CanBeDeleted>1</CanBeDeleted>
            <LocalizedNames>
              <LocalizedName description="Information" languagecode="1033" />
            </LocalizedNames>
            <Descriptions>
              <Description description="A card form for this entity." languagecode="1033" />
            </Descriptions>
          </systemform>
        </forms>
        <forms type="main">
          <systemform>
            <formid>{07be5ebf-a7a0-44d0-b104-8c747c1ff63f}</formid>
            <IntroducedVersion>1.0.0.0</IntroducedVersion>
            <FormPresentation>1</FormPresentation>
            <FormActivationState>1</FormActivationState>
            <form>
              <tabs>
                <tab verticallayout="true" id="{8c63396a-b13d-40db-92b6-fdfa1a06ed3a}" IsUserDefined="1">
                  <labels>
                    <label description="Allgemein" languagecode="1031" />
                    <label description="General" languagecode="1033" />
                    <label description="Tổng quát" languagecode="1066" />
                  </labels>
                  <columns>
                    <column width="100%">
                      <sections>
                        <section showlabel="false" showbar="false" IsUserDefined="0" id="{370fa324-96ba-40c4-b692-394c88e09b72}">
                          <labels>
                            <label description="Allgemein" languagecode="1031" />
                            <label description="General" languagecode="1033" />
                            <label description="Tổng quát" languagecode="1066" />
                          </labels>
                          <rows>
                            <row>
                              <cell id="{d0b200c6-a6bf-4bb6-bc2d-4d533f7fab96}">
                                <labels>
                                  <label description="Sql DataSource" languagecode="1033" />
                                </labels>
                                <control id="d365vn_name" classid="{4273EDBD-AC1D-40d3-9FB2-095C621B552D}" datafieldname="d365vn_name" />
                              </cell>
                            </row>
                          </rows>
                        </section>
                      </sections>
                    </column>
                  </columns>
                </tab>
              </tabs>
            </form>
            <IsCustomizable>1</IsCustomizable>
            <CanBeDeleted>1</CanBeDeleted>
            <LocalizedNames>
              <LocalizedName description="Information" languagecode="1033" />
            </LocalizedNames>
            <Descriptions>
              <Description description="A form for this entity." languagecode="1033" />
            </Descriptions>
          </systemform>
        </forms>
        <forms type="quick">
          <systemform>
            <formid>{efbd9c5b-e70e-4912-be03-15b0990bce3b}</formid>
            <IntroducedVersion>1.0.0.0</IntroducedVersion>
            <FormPresentation>1</FormPresentation>
            <FormActivationState>1</FormActivationState>
            <form>
              <tabs>
                <tab verticallayout="true" id="{e7e4c213-0f7d-464b-ae18-f31c75549796}" IsUserDefined="1">
                  <labels>
                    <label description="" languagecode="1033" />
                  </labels>
                  <columns>
                    <column width="100%">
                      <sections>
                        <section showlabel="false" showbar="false" IsUserDefined="0" id="{7a3534e5-e201-4844-9b4b-73be8c74f5c3}">
                          <labels>
                            <label description="ALLGEMEIN" languagecode="1031" />
                            <label description="GENERAL" languagecode="1033" />
                            <label description="TỔNG QUÁT" languagecode="1066" />
                          </labels>
                          <rows>
                            <row>
                              <cell id="{383c68e9-f0ef-406f-ae79-c016ea71e77a}">
                                <labels>
                                  <label description="Sql DataSource" languagecode="1033" />
                                </labels>
                                <control id="d365vn_name" classid="{4273EDBD-AC1D-40d3-9FB2-095C621B552D}" datafieldname="d365vn_name" />
                              </cell>
                            </row>
                          </rows>
                        </section>
                      </sections>
                    </column>
                  </columns>
                </tab>
              </tabs>
            </form>
            <IsCustomizable>1</IsCustomizable>
            <CanBeDeleted>1</CanBeDeleted>
            <LocalizedNames>
              <LocalizedName description="Information" languagecode="1033" />
            </LocalizedNames>
          </systemform>
        </forms>
      </FormXml>
      <SavedQueries>
        <savedqueries>
          <savedquery>
            <IsCustomizable>1</IsCustomizable>
            <CanBeDeleted>0</CanBeDeleted>
            <isquickfindquery>0</isquickfindquery>
            <isprivate>0</isprivate>
            <isdefault>1</isdefault>
            <savedqueryid>{1e018f7d-6131-4661-a3aa-e43f6df88b7b}</savedqueryid>
            <layoutxml>
              <grid name="resultset" jump="d365vn_name" select="1" icon="1" preview="1">
                <row name="result" id="d365vn_sqldatasourceid">
                  <cell name="d365vn_name" width="300" />
                </row>
              </grid>
            </layoutxml>
            <querytype>0</querytype>
            <fetchxml>
              <fetch version="1.0" mapping="logical">
                <entity name="d365vn_sqldatasource">
                  <attribute name="d365vn_sqldatasourceid" />
                  <attribute name="d365vn_name" />
                </entity>
              </fetch>
            </fetchxml>
            <IntroducedVersion>1.0.0.0</IntroducedVersion>
            <LocalizedNames>
              <LocalizedName description="All Sql DataSources" languagecode="1033" />
            </LocalizedNames>
          </savedquery>
          <savedquery>
            <IsCustomizable>1</IsCustomizable>
            <CanBeDeleted>0</CanBeDeleted>
            <isquickfindquery>1</isquickfindquery>
            <isprivate>0</isprivate>
            <isdefault>1</isdefault>
            <savedqueryid>{9cfda679-6f93-4b29-acd7-cdf59a06e56a}</savedqueryid>
            <layoutxml>
              <grid name="resultset" jump="d365vn_name" select="1" icon="1" preview="1">
                <row name="result" id="d365vn_sqldatasourceid">
                  <cell name="d365vn_name" width="300" />
                </row>
              </grid>
            </layoutxml>
            <querytype>4</querytype>
            <fetchxml>
              <fetch version="1.0" mapping="logical">
                <entity name="d365vn_sqldatasource">
                  <attribute name="d365vn_sqldatasourceid" />
                  <attribute name="d365vn_name" />
                </entity>
              </fetch>
            </fetchxml>
            <IntroducedVersion>1.0.0.0</IntroducedVersion>
            <LocalizedNames>
              <LocalizedName description="Quick Find Active Sql DataSources" languagecode="1033" />
            </LocalizedNames>
          </savedquery>
          <savedquery>
            <IsCustomizable>1</IsCustomizable>
            <CanBeDeleted>0</CanBeDeleted>
            <isquickfindquery>0</isquickfindquery>
            <isprivate>0</isprivate>
            <isdefault>1</isdefault>
            <savedqueryid>{b7d78b8b-2325-4c51-a233-b6c88380051d}</savedqueryid>
            <layoutxml>
              <grid name="resultset" jump="d365vn_name" select="1" icon="1" preview="1">
                <row name="result" id="d365vn_sqldatasourceid">
                  <cell name="d365vn_name" width="300" />
                </row>
              </grid>
            </layoutxml>
            <querytype>1</querytype>
            <fetchxml>
              <fetch version="1.0" mapping="logical">
                <entity name="d365vn_sqldatasource">
                  <attribute name="d365vn_sqldatasourceid" />
                  <attribute name="d365vn_name" />
                </entity>
              </fetch>
            </fetchxml>
            <IntroducedVersion>1.0.0.0</IntroducedVersion>
            <LocalizedNames>
              <LocalizedName description="Sql DataSource Advanced Find View" languagecode="1033" />
            </LocalizedNames>
          </savedquery>
          <savedquery>
            <IsCustomizable>1</IsCustomizable>
            <CanBeDeleted>0</CanBeDeleted>
            <isquickfindquery>0</isquickfindquery>
            <isprivate>0</isprivate>
            <isdefault>1</isdefault>
            <savedqueryid>{07e67705-d27b-4c0e-bb44-13e7bb365d22}</savedqueryid>
            <layoutxml>
              <grid name="d365vn_sqldatasources" jump="d365vn_name" select="1" icon="1" preview="1">
                <row name="d365vn_sqldatasource" id="d365vn_sqldatasourceid">
                  <cell name="d365vn_name" width="300" />
                </row>
              </grid>
            </layoutxml>
            <querytype>2</querytype>
            <fetchxml>
              <fetch version="1.0" mapping="logical">
                <entity name="d365vn_sqldatasource">
                  <attribute name="d365vn_sqldatasourceid" />
                  <attribute name="d365vn_name" />
                </entity>
              </fetch>
            </fetchxml>
            <IntroducedVersion>1.0.0.0</IntroducedVersion>
            <LocalizedNames>
              <LocalizedName description="Sql DataSource Associated View" languagecode="1033" />
            </LocalizedNames>
          </savedquery>
          <savedquery>
            <IsCustomizable>1</IsCustomizable>
            <CanBeDeleted>0</CanBeDeleted>
            <isquickfindquery>0</isquickfindquery>
            <isprivate>0</isprivate>
            <isdefault>1</isdefault>
            <savedqueryid>{595bf9a7-adbd-41bb-818c-9138887d604e}</savedqueryid>
            <layoutxml>
              <grid name="d365vn_sqldatasources" jump="d365vn_name" select="1" icon="1" preview="0">
                <row name="d365vn_sqldatasource" id="d365vn_sqldatasourceid">
                  <cell name="d365vn_name" width="300" />
                </row>
              </grid>
            </layoutxml>
            <querytype>64</querytype>
            <fetchxml>
              <fetch version="1.0" mapping="logical">
                <entity name="d365vn_sqldatasource">
                  <attribute name="d365vn_sqldatasourceid" />
                  <attribute name="d365vn_name" />
                </entity>
              </fetch>
            </fetchxml>
            <IntroducedVersion>1.0.0.0</IntroducedVersion>
            <LocalizedNames>
              <LocalizedName description="Sql DataSource Lookup View" languagecode="1033" />
            </LocalizedNames>
          </savedquery>
          <savedquery>
            <IsCustomizable>1</IsCustomizable>
            <CanBeDeleted>1</CanBeDeleted>
            <isquickfindquery>0</isquickfindquery>
            <isprivate>0</isprivate>
            <isdefault>1</isdefault>
            <savedqueryid>{81e05606-d3a7-eb11-9442-00224816c046}</savedqueryid>
            <querytype>8192</querytype>
            <fetchxml>
              <fetch version="1.0" mapping="logical" output-format="xml-platform">
                <entity name="d365vn_sqldatasource">
                  <attribute name="d365vn_sqldatasourceid" />
                </entity>
              </fetch>
            </fetchxml>
            <IntroducedVersion>1.0.0.0</IntroducedVersion>
            <LocalizedNames>
              <LocalizedName description="Sql DataSources" languagecode="1033" />
            </LocalizedNames>
            <Descriptions>
              <Description description="All active Sql DataSources" languagecode="1033" />
            </Descriptions>
          </savedquery>
        </savedqueries>
      </SavedQueries>
      <RibbonDiffXml>
        <CustomActions />
        <Templates>
          <RibbonTemplates Id="Mscrm.Templates"></RibbonTemplates>
        </Templates>
        <CommandDefinitions />
        <RuleDefinitions>
          <TabDisplayRules />
          <DisplayRules />
          <EnableRules />
        </RuleDefinitions>
        <LocLabels />
      </RibbonDiffXml>
    </Entity>
  </Entities>
  <Roles></Roles>
  <Workflows></Workflows>
  <FieldSecurityProfiles></FieldSecurityProfiles>
  <Templates />
  <EntityMaps />
  <EntityRelationships />
  <OrganizationSettings />
  <optionsets />
  <CustomControls />
  <SolutionPluginAssemblies>
    <PluginAssembly FullName="VirtualTable.DataProvider.D365vn, Version=1.0.0.0, Culture=en, PublicKeyToken=5f2e1a6ec83b67de" PluginAssemblyId="16c49b3f-d3a7-eb11-9442-00224816c046" CustomizationLevel="1">
      <IsolationMode>2</IsolationMode>
      <SourceType>0</SourceType>
      <IntroducedVersion>1.0</IntroducedVersion>
      <FileName>/PluginAssemblies/VirtualTableDataProviderD365vn-16C49B3F-D3A7-EB11-9442-00224816C046/VirtualTableDataProviderD365vn.dll</FileName>
      <PluginTypes>
        <PluginType AssemblyQualifiedName="VirtualTable.DataProvider.D365vn.Create, VirtualTable.DataProvider.D365vn, Version=1.0.0.0, Culture=en, PublicKeyToken=5f2e1a6ec83b67de" PluginTypeId="7a06d245-d3a7-eb11-9442-00224816c046" Name="VirtualTable.DataProvider.D365vn.Create">
          <FriendlyName>VirtualTable.DataProvider.D365vn.Create</FriendlyName>
        </PluginType>
        <PluginType AssemblyQualifiedName="VirtualTable.DataProvider.D365vn.Delete, VirtualTable.DataProvider.D365vn, Version=1.0.0.0, Culture=en, PublicKeyToken=5f2e1a6ec83b67de" PluginTypeId="7c06d245-d3a7-eb11-9442-00224816c046" Name="VirtualTable.DataProvider.D365vn.Delete">
          <FriendlyName>VirtualTable.DataProvider.D365vn.Delete</FriendlyName>
        </PluginType>
        <PluginType AssemblyQualifiedName="VirtualTable.DataProvider.D365vn.Retrieve, VirtualTable.DataProvider.D365vn, Version=1.0.0.0, Culture=en, PublicKeyToken=5f2e1a6ec83b67de" PluginTypeId="1dc49b3f-d3a7-eb11-9442-00224816c046" Name="VirtualTable.DataProvider.D365vn.Retrieve">
          <FriendlyName>VirtualTable.DataProvider.D365vn.Retrieve</FriendlyName>
        </PluginType>
        <PluginType AssemblyQualifiedName="VirtualTable.DataProvider.D365vn.RetrieveMultiple, VirtualTable.DataProvider.D365vn, Version=1.0.0.0, Culture=en, PublicKeyToken=5f2e1a6ec83b67de" PluginTypeId="7906d245-d3a7-eb11-9442-00224816c046" Name="VirtualTable.DataProvider.D365vn.RetrieveMultiple">
          <FriendlyName>VirtualTable.DataProvider.D365vn.RetrieveMultiple</FriendlyName>
        </PluginType>
        <PluginType AssemblyQualifiedName="VirtualTable.DataProvider.D365vn.Update, VirtualTable.DataProvider.D365vn, Version=1.0.0.0, Culture=en, PublicKeyToken=5f2e1a6ec83b67de" PluginTypeId="7b06d245-d3a7-eb11-9442-00224816c046" Name="VirtualTable.DataProvider.D365vn.Update">
          <FriendlyName>VirtualTable.DataProvider.D365vn.Update</FriendlyName>
        </PluginType>
      </PluginTypes>
    </PluginAssembly>
  </SolutionPluginAssemblies>
  <EntityDataProviders>
    <EntityDataProvider>
      <EntityDataProviderId>{7d06d245-d3a7-eb11-9442-00224816c046}</EntityDataProviderId>
      <Name>VirtualTable.DataProvider.D365vn</Name>
      <DataSourceLogicalName>d365vn_sqldatasource</DataSourceLogicalName>
      <IsCustomizable>1</IsCustomizable>
      <RetrievePluginTypeId>1dc49b3f-d3a7-eb11-9442-00224816c046</RetrievePluginTypeId>
      <RetrieveMultiplePluginTypeId>7906d245-d3a7-eb11-9442-00224816c046</RetrieveMultiplePluginTypeId>
      <CreatePluginTypeId>7a06d245-d3a7-eb11-9442-00224816c046</CreatePluginTypeId>
      <UpdatePluginTypeId>7b06d245-d3a7-eb11-9442-00224816c046</UpdatePluginTypeId>
      <DeletePluginTypeId>7c06d245-d3a7-eb11-9442-00224816c046</DeletePluginTypeId>
    </EntityDataProvider>
  </EntityDataProviders>
  <Languages>
    <Language>1033</Language>
    <Language>1031</Language>
    <Language>1066</Language>
  </Languages>
</ImportExportXml>