<ImportExportXml 
  xmlns:xsi="http://www.w3.org/2001/XMLSchema-instance">
  <Entities></Entities>
  <Roles></Roles>
  <Workflows></Workflows>
  <FieldSecurityProfiles></FieldSecurityProfiles>
  <Templates />
  <EntityMaps />
  <EntityRelationships />
  <OrganizationSettings />
  <optionsets />
  <Dialogs>
    <Dialog>
      <LocalizedNames>
        <LocalizedName description="Address" languagecode="1033" />
      </LocalizedNames>
      <Descriptions>
        <Description description="" languagecode="1033" />
      </Descriptions>
      <FormId>{52386620-3751-4bea-976d-07984aeae3e4}</FormId>
      <UniqueName>abc_dialog_address</UniqueName>
      <IsCustomizable>1</IsCustomizable>
      <IntroducedVersion>1.0.0.0</IntroducedVersion>
      <IsTabletEnabled>1</IsTabletEnabled>
      <CanBeDeleted>1</CanBeDeleted>
      <FormXml>
        <forms type="dialog">
          <form>
            <formparameters>
              <querystringparameter name="abc_text_fulladdress" type="SafeString" />
            </formparameters>
            <header id="{e738d946-d82b-407e-8f41-285cb24b331f}">
              <rows>
                <row>
                  <cell id="{c5b67b2b-3a40-47a1-b471-5f399bc39705}" visible="true" rowspan="1">
                    <labels>
                      <label description="YOUR ADDRESS" languagecode="1033" />
                    </labels>
                    <control uniqueid="{ba0f654d-ae6a-4eaf-b36f-abfaf1108428}" id="abc_header_title" classid="{39354E4A-5015-4D74-8031-EA9EB73A1322}" isunbound="true">
                      <parameters>
                        <IsTitle>true</IsTitle>
                      </parameters>
                    </control>
                  </cell>
                </row>
                <row>
                  <cell id="{73d1ee58-9e93-4f86-99a2-4bacac88f5b7}" visible="true" rowspan="1">
                    <labels>
                      <label description="Please enter your full address" languagecode="1033" />
                    </labels>
                    <control uniqueid="{62747e8f-0057-459e-a77a-80c4d838ff5e}" id="abc_header_subtitle" classid="{39354E4A-5015-4D74-8031-EA9EB73A1322}" isunbound="true">
                      <parameters>
                        <IsTitle>false</IsTitle>
                      </parameters>
                    </control>
                  </cell>
                </row>
              </rows>
            </header>
            <tabs>
              <tab id="{f7ae18f9-6536-479f-94cd-f0bfc1b02767}" name="tab_fe41578e_375f_4fa3_bb9b_4088cb99c4c8" visible="true" expanded="true" verticallayout="true" locklevel="0">
                <labels>
                  <label description="" languagecode="1033" />
                </labels>
                <columns>
                  <column width="100%">
                    <sections>
                      <section id="{91b3ad91-0222-41ef-a7d4-da2866137ec8}" name="section_c47a7a24_393f_45a9_af67_a4fead1beac6" labelwidth="115" showlabel="false" visible="true" celllabelalignment="Left" celllabelposition="Left">
                        <labels>
                          <label description="" languagecode="1033" />
                        </labels>
                        <rows>
                          <row>
                            <cell id="{3ea6696f-60c9-4984-bba7-1ba6600d8e6c}" visible="true">
                              <labels>
                                <label description="Province" languagecode="1033" />
                              </labels>
                              <control uniqueid="{b98051ee-9438-46cb-9981-ce85da466269}" id="abc_lookup_province" classid="{270BD3DB-D9AF-4782-9025-509E298DEC0A}" isrequired="false" disabled="false" isunbound="true">
                                <parameters>
                                  <TargetEntities>
                                    <TargetEntity>
                                      <DefaultViewId>{65FB43C2-61C0-4A28-991C-CFAE38D1E9D1}</DefaultViewId>
                                      <EntityLogicalName>abc_location</EntityLogicalName>
                                    </TargetEntity>
                                  </TargetEntities>
                                </parameters>
                              </control>
                            </cell>
                          </row>
                          <row>
                            <cell id="{a6e8661e-c5e9-4a04-ba8d-78743315e6b4}" visible="true">
                              <labels>
                                <label description="District" languagecode="1033" />
                              </labels>
                              <control uniqueid="{2feea316-9298-45e1-af5d-ec5ddda56cab}" id="abc_lookup_district" classid="{270BD3DB-D9AF-4782-9025-509E298DEC0A}" isrequired="false" disabled="true" isunbound="true">
                                <parameters>
                                  <TargetEntities>
                                    <TargetEntity>
                                      <DefaultViewId>{65FB43C2-61C0-4A28-991C-CFAE38D1E9D1}</DefaultViewId>
                                      <EntityLogicalName>abc_location</EntityLogicalName>
                                    </TargetEntity>
                                  </TargetEntities>
                                </parameters>
                              </control>
                            </cell>
                          </row>
                          <row>
                            <cell id="{4d793bbf-406c-4025-b445-943790f60d62}" visible="true">
                              <labels>
                                <label description="Address" languagecode="1033" />
                              </labels>
                              <control uniqueid="{f0c5ed1b-46be-4efc-8970-6000a97d7281}" id="abc_text_address" classid="{4273EDBD-AC1D-40D3-9FB2-095C621B552D}" isrequired="false" disabled="true" isunbound="true">
                                <parameters>
                                  <MaxLength>500</MaxLength>
                                  <Format>SingleLineOfText</Format>
                                </parameters>
                              </control>
                            </cell>
                          </row>
                        </rows>
                      </section>
                    </sections>
                  </column>
                </columns>
              </tab>
            </tabs>
            <footer id="{422d20ae-05ff-417a-a27c-0789b29b1b17}">
              <rows>
                <row>
                  <cell id="{99d2a695-974b-4bb9-ace7-20c9e51ba90b}" visible="true">
                    <labels>
                      <label description="Cancel" languagecode="1033" />
                    </labels>
                    <control uniqueid="{b9875adb-6cf9-46db-9003-5ed588dc5ca1}" id="abc_button_cancel" classid="{00AD73DA-BD4D-49C6-88A8-2F4F4CAD4A20}" disabled="false" isunbound="true" />
                  </cell>
                  <cell id="{d371003c-0fe6-46ea-9c2d-95939041ed36}" visible="true">
                    <labels>
                      <label description="OK" languagecode="1033" />
                    </labels>
                    <control uniqueid="{52d5b84f-5528-4573-83fc-b406071defc4}" id="abc_button_ok" classid="{00AD73DA-BD4D-49C6-88A8-2F4F4CAD4A20}" disabled="true" isunbound="true" />
                  </cell>
                </row>
              </rows>
            </footer>
            <events>
              <event name="onload" application="false" active="false" >
                <Handlers>
                  <Handler functionName="address.OnLoad" libraryName="$webresource:abc_/js/Address.Dialog.js" handlerUniqueId="{7f72b3ec-3c8b-4802-ac8f-d2b2c7ea59d1}" enabled="true" parameters="" passExecutionContext="true" />
                </Handlers>
              </event>
              <event name="onclick" application="false" active="false" attribute="abc_button_ok">
                <Handlers>
                  <Handler functionName="address.OnOkClick" libraryName="$webresource:abc_/js/Address.Dialog.js" handlerUniqueId="{7b4a54ef-c848-4c34-8df5-7d6d46f22694}" enabled="true" parameters="" passExecutionContext="true" />
                </Handlers>
              </event>
              <event name="onclick" application="false" active="false" attribute="abc_button_cancel">
                <Handlers>
                  <Handler functionName="address.OnCancelClick" libraryName="$webresource:abc_/js/Address.Dialog.js" handlerUniqueId="{4e9202be-a266-451b-82c1-fe1985f54f4e}" enabled="true" parameters="" passExecutionContext="true" />
                </Handlers>
              </event>
              <event name="onchange" application="false" active="false" attribute="abc_lookup_province">
                <Handlers>
                  <Handler functionName="address.OnProvinceChange" libraryName="$webresource:abc_/js/Address.Dialog.js" handlerUniqueId="{d774e258-1301-41a9-8cea-450e7ad7deb0}" enabled="true" parameters="" passExecutionContext="true" />
                </Handlers>
              </event>
            </events>
          </form>
        </forms>
      </FormXml>
    </Dialog>
  </Dialogs>
  <CustomControls />
  <EntityDataProviders />
  <Languages>
    <Language>1033</Language>
  </Languages>
</ImportExportXml>